{
	"jobOpenRequest": {
		"consumerId": 1,
		"proficiencyId": 2,
		"requestedOn": "2020-09-11 21:16:29",
		"location": [
			31.501414999999998,
			74.41178833333333
		],
		"requiredTaskIdsAndQuantities": [
			[
				1,
				3
			],
			[
				2,
				6
			]
		]
	}
}
